{
    "adana-arac-kiralama": [
        36.983636,
        35.296251
    ],
    "adiyaman-arac-kiralama": [
        37.736708,
        38.470831
    ],
    "afyonkarahisar-arac-kiralama": [
        38.755535,
        30.554933
    ],
    "alanya-arac-kiralama": [
        36.54992,
        31.98847
    ],
    "ankara-arac-kiralama": [
        39.9351882,
        32.8427422
    ],
    "antalya-arac-kiralama": [
        36.878796,
        30.648806
    ],
    "aydin-arac-kiralama": [
        37.83818,
        27.84789
    ],
    "balikesir-arac-kiralama": [
        39.649189,
        27.885593
    ],
    "batman-arac-kiralama": [
        37.946179,
        41.120901
    ],
    "bursa-arac-kiralama": [
        40.210802,
        28.99972
    ],
    "canakkale-arac-kiralama": [
        40.15106,
        26.40398
    ],
    "corum-arac-kiralama": [
        40.54382,
        34.95012
    ],
    "denizli-arac-kiralama": [
        37.77677,
        29.09235
    ],
    "diyarbakir-arac-kiralama": [
        37.91295,
        40.178283
    ],
    "edirne-arac-kiralama": [
        41.666389,
        26.571142
    ],
    "elazig-arac-kiralama": [
        38.68441,
        39.23071
    ],
    "erzincan-arac-kiralama": [
        39.7447,
        39.4902
    ],
    "erzurum-arac-kiralama": [
        39.910206,
        41.258035
    ],
    "eskisehir-arac-kiralama": [
        39.783838,
        30.502451
    ],
    "gaziantep-arac-kiralama": [
        37.067231,
        37.363027
    ],
    "gazipasa-arac-kiralama": [
        36.29721,
        32.30213
    ],
    "istanbul-arac-kiralama": [
        40.982258,
        28.890475
    ],
    "izmir-arac-kiralama": [
        38.4600081,
        27.1076364
    ],
    "kahramanmaras-arac-kiralama": [
        37.580175,
        36.93236
    ],
    "karaman-arac-kiralama": [
        37.183499,
        33.186902
    ],
    "kayseri-arac-kiralama": [
        38.764987,
        35.481595
    ],
    "kocaeli-arac-kiralama": [
        40.754173,
        29.954214
    ],
    "konya-arac-kiralama": [
        37.89788,
        32.49873
    ],
    "malatya-arac-kiralama": [
        38.336928,
        38.239225
    ],
    "manisa-arac-kiralama": [
        38.619459,
        27.418782
    ],
    "mardin-arac-kiralama": [
        37.23448,
        40.6376
    ],
    "mersin-arac-kiralama": [
        36.779025,
        34.58206
    ],
    "mugla-arac-kiralama": [
        36.85179,
        28.26317
    ],
    "mus-arac-kiralama": [
        38.738438,
        41.543421
    ],
    "nevsehir-arac-kiralama": [
        38.772292,
        34.530254
    ],
    "ordu-arac-kiralama": [
        40.967148,
        38.068832
    ],
    "rize-arac-kiralama": [
        41.170994,
        40.845136
    ],
    "samsun-arac-kiralama": [
        41.257226,
        36.555536
    ],
    "sanliurfa-arac-kiralama": [
        37.159881,
        38.797013
    ],
    "tekirdag-arac-kiralama": [
        40.97787,
        27.50385
    ],
    "trabzon-arac-kiralama": [
        40.994737,
        39.779721
    ],
    "van-arac-kiralama": [
        38.4954,
        43.37209
    ],
    "yalova-arac-kiralama": [
        40.65965,
        29.27833
    ]
}